<?xml version="1.0" encoding="UTF-8" standalone="yes"?>
<addon id="plugin.audio.krawall_radio" name="Krawall Radio" version="1.0.3" provider-name="Kodiman">
  <requires>
    <import addon="xbmc.python" version="2.1.0"/>
  </requires>
  <extension point="xbmc.python.script" library="default.py">
    <provides>audio</provides>
  </extension>
  <extension point="xbmc.addon.metadata">
   <summary lang="en">Radio online stream.</summary>
    <description lang="en">Stream Krawall Radio online. http://www.krawallradio.com</description>
    <platform>all</platform>
    <language>en</language>
    <license>GNU GENERAL PUBLIC LICENSE. Version 2, June 1991</license>
    <website>http://www.krawallradio.com</website>
    <source>https://app.box.com/s/vc9jtbnupbu7cap1s8h2</source>
    <email></email>
  </extension>
</addon>