<?xml version="1.0" encoding="UTF-8" standalone="yes"?>
<addon id="plugin.program.hskwizard"
       name="[COLOR lime]HSK WIZARD[/COLOR]"
	   version="1.0.7"
	   provider-name="LOKI1979">
    <requires>
        <import addon="xbmc.python" version="2.1.0"/>
    </requires>
    <extension point="xbmc.python.pluginsource" library="default.py">
        <provides>executable</provides>
    </extension>
    <extension point="xbmc.addon.metadata">
    <summary>HSK BACKUP INSTALLER</summary>
    <description>Hardware - Software - Kodi - DE :
https://www.facebook.com/groups/hskde/</description>
    <platform>all</platform>
    </extension>
</addon>