﻿<?xml version="1.0" encoding="UTF-8" standalone="yes"?>
<addon id="plugin.program.repockecker" name="Repo Checker" version="1.0.1" provider-name="Kodiman | Loki1979">
    <requires>
		<import addon="xbmc.python" version="2.1.0"/>
		<import addon="script.module.requests" version="2.12.4"/>
	</requires>
	<extension point="xbmc.python.pluginsource" library="default.py">
		<provides>executable</provides>
	</extension>
	<extension point="xbmc.addon.metadata">
		<platform>all</platform>
		<summary>Repo Checker</summary>
<description>www.whatismyip.com</description>

	</extension>
</addon>