<?xml version="1.0" encoding="UTF-8" standalone="yes"?>
<addon id="repository.vavoo.tv" name="VAVOO Addon Repository" version="1.0.0" provider-name="VAVOO">
    <extension point="xbmc.addon.repository" name="VAVOO Repository">
        <info compressed="false">http://www.vavoo.tv/repo/addons.xml</info>
		<checksum>http://www.vavoo.tv/repo/addons.xml.md5</checksum>
		<datadir zip="true">http://www.vavoo.tv/repo/</datadir>
	</extension>
    <extension point="xbmc.addon.metadata">
        <summary>VAVOO Addmin Repository</summary>
		<description></description>
		<disclaimer></disclaimer>
		<platform>all</platform>
	</extension>
</addon>
