<?xml version="1.0" encoding="UTF-8" standalone="yes"?>
<addon id="script.hsk.debug.log" name="[COLOR lime][B]HSK Log Uploader[/B][/COLOR]" version="1.0.0" provider-name="[COLOR green]Painkiller[/COLOR]">
    <requires>
        <import addon="xbmc.python" version="2.20.0"/>
    </requires>
    <extension point="xbmc.python.script" library="default.py">
        <provides>executable</provides>
    </extension>
    <extension point="xbmc.addon.metadata">
        <summary>[COLOR green]HSK LOG UPLOADER by Painkiller[/COLOR]</summary>
        <description>[COLOR blue]Hardware - Software - Kodi - DE :
            https://www.facebook.com/groups/hskde/[/COLOR]</description>
        <language></language>
        <platform>all</platform>
    </extension>
</addon>

