<?xml version="1.0" encoding="UTF-8"?>
<addons>
<addon id="plugin.audio.krawall_radio" name="Krawall Radio" version="1.0.3" provider-name="Kodiman">
  <requires>
    <import addon="xbmc.python" version="2.1.0"/>
  </requires>
  <extension point="xbmc.python.script" library="default.py">
    <provides>audio</provides>
  </extension>
  <extension point="xbmc.addon.metadata">
   <summary lang="en">Radio online stream.</summary>
    <description lang="en">Stream Krawall Radio online. http://www.krawallradio.com</description>
    <platform>all</platform>
    <language>en</language>
    <license>GNU GENERAL PUBLIC LICENSE. Version 2, June 1991</license>
    <website>http://www.krawallradio.com</website>
    <source>https://app.box.com/s/vc9jtbnupbu7cap1s8h2</source>
    <email></email>
  </extension>
</addon>

<addon id="plugin.audio.rocknroll" name="[COLOR blue]Rockn Roll Station[/COLOR]" version="1.0.2" provider-name="[COLOR blue]Ungatonga - Loki (HSK - KUS)[/COLOR]">
  <requires>
    <import addon="xbmc.python" version="2.1.0" />
  </requires>
  <extension point="xbmc.python.pluginsource"
            library="addon.py">
        <provides>audio</provides>
  </extension>
  <extension point="xbmc.addon.metadata">
    <platform>all</platform>
    <summary>Test Addon</summary>
    <description>[COLOR blue]Die besten Rock n Roll Sender aus aller Welt! Special Thanks to D.J Steiger and his group: https://www.facebook.com/BigDaddyORadio[/COLOR]</description>
	<forum>http://www.ungatonga.de/forum</forum>
	<website>https://www.facebook.com/groups/716337198478240/</website>
  </extension>
</addon>

<addon
    id="plugin.audio.sunshinelive_base_de"
    name="[COLOR orange]SUNSHINE[/COLOR] LIVE [COLOR blue]BASE[/COLOR]"
    version="1.1.8"
    provider-name="Loki1979/SH Germania/Guido">
    <requires>
		<import addon="xbmc.python" version="2.1.0"/>
	</requires>
	<extension point="xbmc.python.pluginsource" library="addon.py">
		<provides>audio</provides>
	</extension>
	<extension point="xbmc.addon.metadata">
		<platform>all</platform>
		<summary>SUNSHINE BASE</summary>
		<description>
Hiermit bedanke ich mich bei Loki1979 und Guido für
ihre Hilfe und Geduld mit mir bei diesem Addon.
Vielen lieben Dank.

Besucht uns mal auf Facebook.
FACEBOOK GRUPPE HSK-DE:
HARDWARE - SOFTWARE - KODI - DE
https://www.facebook.com/groups/hskde/

SUNSHINELIVE HOUSE STREAM
SUNSHINELIVE EDM STREAM
SUNSHINELIVE LIVE STREAM
SUNSHINELIVE CLASSIC STREAM
SUNSHINELIVE TRANCE STREAM
SUNSHINELIVE HARD STREAM
SUNSHINELIVE TECHNO STREAM
SUNSHINELIVE CLUBSOUND BERLIN STREAM
SUNSHINELIVE LOUNGE STREAM
SUNSHINELIVE DIE 90ER STREAM
SUNSHINELIVE FESTIVAL STREAM
SUNSHINELIVE HANDS UP STREAM
SUNSHINELIVE MAYDAY STREAM
SUNSHINELIVE NATURE ONE STREAM
SUNSHINELIVE DRUM N BASS STREAM
SUNSHINELIVE TIME WARP STREAM

SUNSHINE BASE WEB URL:
http://www.sunshine-live.de/

</description>
		<license></license>
		<language></language>
		<source></source>
		<email></email>
	</extension>
</addon>

<addon id="plugin.program.hskwizard"
       name="[COLOR lime]HSK WIZARD[/COLOR]"
	   version="1.0.7"
	   provider-name="LOKI1979">
    <requires>
        <import addon="xbmc.python" version="2.1.0"/>
    </requires>
    <extension point="xbmc.python.pluginsource" library="default.py">
        <provides>executable</provides>
    </extension>
    <extension point="xbmc.addon.metadata">
    <summary>HSK BACKUP INSTALLER</summary>
    <description>Hardware - Software - Kodi - DE :
https://www.facebook.com/groups/hskde/</description>
    <platform>all</platform>
    </extension>
</addon>

<addon id="plugin.program.hsk_fresh_start"
    name="[COLOR lime]HSK FRESH START[/COLOR]"
	version="1.0.1"
    provider-name="Loki1979">
    <requires>
		<import addon="xbmc.python" version="2.1.0"/>
	</requires>
	<extension point="xbmc.python.pluginsource" library="fresh_start.py">
		<provides>executable</provides>
	</extension>
	<extension point="xbmc.addon.metadata">
	<summary>HSK FRESH START</summary>
    <description>Hardware - Software - Kodi - DE :
https://www.facebook.com/groups/hskde/</description>
    <platform>all</platform>
	</extension>
</addon>

<addon id="plugin.program.indigo" version="2.0.2" name="Indigo" provider-name="tvaddons.ag">
	<requires>
		<import addon="xbmc.python" version="2.1.0"/>
	</requires>
    <extension point="xbmc.python.pluginsource" library="default.py">
        <provides>video executable </provides>
    </extension>
    <extension point="xbmc.service" library="service.py" start="startup"/>
    <extension point="xbmc.addon.metadata">
        <summary lang="en">Indigo is your gateway to the world of unofficial Kodi addons!</summary>
        <description lang="en">Indigo is your gateway to the world of unofficial Kodi addons! Please visit www.tvaddons.ag for addon support.</description>
        <disclaimer lang="en">Kodi is a registered trademark of the XBMC Foundation. We are not connected to or in any other way affiliated with Kodi, Team Kodi, or the XBMC Foundation. Furthermore, any software, addons, or products offered by us will receive no support in official Kodi channels, including the Kodi forums and various social networks.</disclaimer>
        <language>en</language>
        <platform>all</platform>
        <forum>https://forums.tvaddons.ag</forum>
        <website>https://www.tvaddons.ag</website>
        <source>https://dev.tvaddons.ag/tvaddons/plugin.program.indigo</source>
    </extension>
</addon>

<addon id="plugin.program.my_extern_ip" name="MY EXTERN IP" version="1.0.0" provider-name="Loki1979">
    <requires>
		<import addon="xbmc.python" version="2.1.0"/>
	</requires>
	<extension point="xbmc.python.pluginsource" library="addon.py">
		<provides>executable</provides>
	</extension>
	<extension point="xbmc.addon.metadata">
		<platform>all</platform>
		<summary>MY EXTERN IP</summary>
<description>www.whatismyip.com</description>

	</extension>
</addon>

<addon id="plugin.video.burningseries"
	   name="Burning Series"
	   version="1.5.9"
	   provider-name="chmee phreekz john_117">
  <requires>
	<import addon="script.module.t0mm0.common"/>
	<import addon="script.module.urlresolver"/>
	</requires>
  <extension point="xbmc.python.pluginsource"
			 library="main.py">
    	<provides>video</provides>
  </extension>
  <extension point="xbmc.addon.metadata">
    <summary>bs.to player</summary>
    <description>series, a lot, generally in german</description>
    <platform>all</platform>
  </extension>
</addon>

<addon id="plugin.video.f4mTester" version="2.7.1" name="f4mTester" provider-name="Shani">
    <requires>
        <import addon="xbmc.python" version="2.1.0"/>
        <import addon="script.video.F4mProxy" version="2.7.1"/>
    </requires>
    <extension point="xbmc.python.pluginsource" library="default.py">
        <provides>video</provides>
    </extension>


    <extension point="xbmc.addon.metadata">
        <summary>f4mTester</summary>
        <description></description>
        <platform>all</platform>
    </extension>
</addon>

<addon id="plugin.video.galileo" name="[COLOR white]Galileo[/COLOR] [COLOR red]YouTube[/COLOR] [COLOR white]Chanel[/COLOR]" version="1.0.0" provider-name="Kodiman | HSK-DE">
  <requires>
    <import addon="xbmc.python" version="2.1.0" />
	<import addon="script.module.beautifulsoup4" version="4.4.1.1"/>
	<import addon="plugin.video.youtube" version="5.3.7"/>
  </requires>
	<extension point="xbmc.python.pluginsource" library="default.py">
		<provides>video</provides>
	</extension>
  <extension point="xbmc.addon.metadata">
    <platform>all</platform>
    <summary>powered by Kodiman</summary>
    <description>https://www.kodiman.net/ :
https://www.youtube.com/user/GalileoOffiziell/
    </description>
  </extension>
</addon>

<addon id="plugin.video.heidis_playlist" name="[COLOR white]Heidis[/COLOR] [COLOR blue]Playlist[/COLOR] [COLOR white]Chanel[/COLOR]" version="1.1.8" provider-name="Kodiman | HSK-DE">
  <requires>
    <import addon="xbmc.python" version="2.1.0" />
	<import addon="script.module.beautifulsoup4" version="4.4.1.1"/>
	<import addon="plugin.video.youtube" version="5.3.7"/>
  </requires>
	<extension point="xbmc.python.pluginsource" library="default.py">
		<provides>video</provides>
	</extension>
  <extension point="xbmc.addon.metadata">
    <platform>all</platform>
    <summary>powered by HSK</summary>
    <description>https://www.kodiman.net/ :
https://forum.kodiman.eu/forum/
    </description>
  </extension>
</addon>

<addon id="plugin.video.idomix" name="[COLOR white]iDomiX[/COLOR] [COLOR red]Technik | Tutorials[/COLOR]" version="1.0.0" provider-name="Kodiman | HSK-DE">
  <requires>
    <import addon="xbmc.python" version="2.1.0" />
	<import addon="script.module.beautifulsoup4" version="4.4.1.1"/>
	<import addon="plugin.video.youtube" version="5.3.7"/>
  </requires>
	<extension point="xbmc.python.pluginsource" library="default.py">
		<provides>video</provides>
	</extension>
  <extension point="xbmc.addon.metadata">
    <platform>all</platform>
    <summary>powered by Kodiman</summary>
    <description>YouTube: https://www.youtube.com/user/iDomiX/undefined
Webseite: https://idomix.de/
    </description>
  </extension>
</addon>

<addon id="plugin.video.netzdivision" name="[COLOR white]Netzdivision[/COLOR] [COLOR red]YouTube[/COLOR] [COLOR white]Chanel[/COLOR]" version="1.0.1" provider-name="Kodiman | HSK-DE">
  <requires>
    <import addon="xbmc.python" version="2.1.0" />
	<import addon="script.module.beautifulsoup4" version="4.4.1.1"/>
	<import addon="plugin.video.youtube" version="5.3.7"/>
  </requires>
	<extension point="xbmc.python.pluginsource" library="default.py">
		<provides>video</provides>
	</extension>
  <extension point="xbmc.addon.metadata">
    <platform>all</platform>
    <summary>Netzdivision</summary>
    <description>https://www.youtube.com/user/Kev93LP/undefined :
https://www.facebook.com/netzdivision.netzdivision
    </description>
  </extension>
</addon>

<addon id="plugin.video.netzkino_de" name="Netzkino" version="2.2.4" provider-name="L0RE">
	<requires>
		<import addon="xbmc.python" version="2.24.0"/>
        <import addon="plugin.video.youtube" version="5.0.0" />
	</requires>
	<extension point="xbmc.python.pluginsource" library="default.py">
		<provides>video</provides>
	</extension>
	<extension point="xbmc.addon.metadata">
		<summary lang="en">Netzkino movies</summary>
		<summary lang="de">Filme von Netzkino</summary>
		<description lang="en">With Netzkino you can watch movies free and legal.</description>
		<description lang="de">Mit Netzkino kannst du kostenlos und legal Spielfilme schauen.</description>
		<disclaimer lang="en"></disclaimer>
		<language>de</language>
		<platform>all</platform>
		<license>GNU GENERAL PUBLIC LICENSE. Version 2, June 1991</license>
		<forum>http://forum.kodi.tv/showthread.php?tid=225197</forum>
		<website>http://www.netzkino.de</website>
		<email>bromix at gmx dot net</email>
		<source>https://github.com/bromix/plugin.video.netzkino_de</source>
	</extension>
</addon>

<addon id="plugin.video.semper_video" name="[COLOR white]Semper[/COLOR] [COLOR blue]Video[/COLOR] [COLOR white]Chanel[/COLOR]" version="1.0.6" provider-name="Kodiman | HSK-DE">
  <requires>
    <import addon="xbmc.python" version="2.1.0" />
	<import addon="script.module.beautifulsoup4" version="4.4.1.1"/>
	<import addon="plugin.video.youtube" version="5.3.7"/>
  </requires>
	<extension point="xbmc.python.pluginsource" library="default.py">
		<provides>video</provides>
	</extension>
  <extension point="xbmc.addon.metadata">
    <platform>all</platform>
    <summary>powered by HSK</summary>
    <description>https://www.sempervideo.de/ :
https://www.youtube.com/user/SemperVideo/
    </description>
  </extension>
</addon>

<addon id="plugin.video.shortfilms" name="Shortfilms" version="1.0.4" provider-name="Kodiman/HSK">
  <requires>
    <import addon="xbmc.python" version="2.1.0" />
	<import addon="plugin.video.youtube" version="5.1.20.6"/>
  </requires>
  <extension point="xbmc.python.pluginsource"
            library="addon.py">
        <provides>video</provides>
  </extension>
  <extension point="xbmc.addon.metadata">
    <platform>all</platform>
    <summary>Kurzfime</summary>
    <description>Dank an Loki1979 und Rudolf Reiter</description>
  </extension>
</addon>

<addon id="plugin.video.tvspielfilm_de" name="TV Spielfilm - Das Beste aus den Mediatheken" version="1.0.5" provider-name="realvito">
	<requires>
		<import addon="xbmc.python" version="2.14.0"/>
	</requires>
	<extension point="xbmc.python.pluginsource" library="default.py">
		<provides>video</provides>
	</extension>
	<extension point="xbmc.addon.metadata">
		<summary lang="en">The best from TV-Spielfilm</summary>
		<summary lang="de">Das Beste aus TV-Spielfilm</summary>
		<description lang="en">@realvito[CR]The best from german Mediatheken, selected and compiled by the magazine TV-Spielfilm (www.tvspielfilm.de).[CR][CR]For more information about all new features see - CHANGELOG.[CR]     HAVE FUN</description>
		<description lang="de">@realvito[CR]Das Beste aus deutschen Mediatheken, ausgewählt und zusammengestellt von der Zeitschrift TV-Spielfilm (www.tvspielfilm.de).[CR][CR]Für mehr Informationen zu allen Neuerungen siehe - CHANGELOG.[CR]     HAVE FUN</description>
		<disclaimer lang="en">The author does not host or distribute any of the content displayed by this addon. The author does not have any affiliation with the content providers.</disclaimer>
		<disclaimer lang="de">Die von diesem Addon dargestellten Inhalte werden von den Erstellern des Addons weder gehostet oder verbreitet, noch stehen die Ersteller in irgendeiner Beziehung zu den Anbietern des Inhalts.</disclaimer>
		<language></language>
		<platform>all</platform>
		<license>GNU GENERAL PUBLIC LICENSE. Version 2, June 1991</license>
		<forum>http://www.kodinerds.net/index.php/Thread/53329-RERELEASE-TVTODAY/</forum>
		<website>http://www.tvspielfilm.de/mediathek/</website>
		<email></email>
		<source>https://github.com/kodinerds/repo/tree/master/plugin.video.tvspielfilm_de</source>
		<news>[B][COLOR orangered]Version 1.0.5  (11.06.2017)[/COLOR][/B][CR]
- fixed: ARTE-VideoLink zur Weiterleitung an ARTE-plugin
- added: Rubrik - SENDER sortiert (Auflistung der abspielbaren Titel nach Sender)
- added: Meldung=MediathekLink der Sendung ist NICHT in TvSpielfilm vorhanden
- changed: SprachFiles des Addons geändert von "strings.xml" zu "strings.po"
- optimized: Wiedergabequalität von ARD-Links (mp4)
		</news>
	</extension>
</addon>

<addon id="plugin.video.venix" name="[COLOR white]Venix[/COLOR] [COLOR blue]YouTube[/COLOR] [COLOR white]Chanel[/COLOR]" version="1.0.0" provider-name="Kodiman | HSK-DE">
  <requires>
    <import addon="xbmc.python" version="2.1.0" />
	<import addon="script.module.beautifulsoup4" version="4.4.1.1"/>
	<import addon="plugin.video.youtube" version="5.3.7"/>
  </requires>
	<extension point="xbmc.python.pluginsource" library="default.py">
		<provides>video</provides>
	</extension>
  <extension point="xbmc.addon.metadata">
    <platform>all</platform>
    <summary>powered by HSK</summary>
    <description>VENIX - Technik, Reviews und Tutorials :
https://www.facebook.com/venix.tech.3
    </description>
  </extension>
</addon>

<addon id="plugin.video.youtube" name="YouTube" version="5.4.1" provider-name="jdf76, bromix">
	<requires>
		<import addon="xbmc.python" version="2.19.0"/>
	</requires>
	<extension point="xbmc.python.pluginsource" library="default.py">
		<provides>video</provides>
	</extension>
    <extension point="xbmc.service" library="startup.py" start="startup" />
	<extension point="xbmc.addon.metadata">
        <news>
[add] MPEG-DASH support for Kodi 17 w/ inputstream.adaptive add-on or SPMC 16 w/ builtin-in
[add] optional History and Watch Later custom playlist to Settings -> Folders, or (My)Playlists context menu to set/remove
[add] Maintenance section to Settings
[add] 'Subtitle language(s) to download' selection to Settings -> General
[add] 'Force SSL Certificate verification' to Settings -> Advanced
[upd] API key set switching from Settings -> API (this will log you out)
[upd] Dual login only required if My Subscriptions folder is enabled at sign-in
[upd] setting content type from episodes, now videos
[del] override view options
[upd] Norwegian strings [torstehu]
[upd] Greek strings [twilight0]
[upd] Portuguese strings [Wanilton]
[upd] Dutch strings [flemlion]
[fix/upd] API tweaking and various other updates
        </news>
        <assets>
            <icon>icon.png</icon>
            <fanart>fanart.jpg</fanart>
        </assets>
        <summary lang="en">Plugin for YouTube</summary>
        <description lang="en">YouTube is one of the biggest video-sharing websites of the world.</description>
		<summary lang="de">Plugin für YouTube</summary>
        <description lang="de">YouTube ist eines der größten Video-Sharing-Websites der Welt.</description>
        <summary lang="pl">Wtyczka YouTube</summary>
        <description lang="pl">YouTube jest jednym z największych na świecie serwisów udostępniania wideo.</description>
		<summary lang="hu">Kiegészítő  a YouTube-hoz</summary>
        <description lang="hu">A YouTube világ egyik legnagyobb videómegosztó weboldala.</description>
        <summary lang="es">Plugin para YouTube</summary>
        <description lang="es">YouTube es un uno de los mayores sitios web de intercambio de vídeos del mundo.</description>
        <summary lang="ru">Видеодополнение YouTube</summary>
        <description lang="ru">Данное дополнение позволяет находить и смотреть видео на всеми любимом сайте.</description>
        <summary lang="fr">Plugin pour YouTube</summary>
        <description lang="fr">YouTube est l'un des plus grands sites de partage vidéos du monde.</description>
        <summary lang="zh">YouTube附加元件</summary>
        <description lang="zh">「Youtube」是全世界最大的影片分享網站</description>
        <summary lang="bg">Добавка за YouTube</summary>
        <description lang="bg">YouTube е един от най-големите уеб сайтове за споделяне на видео в целия свят.</description>
		<summary lang="el">Πρόσθετο YouTube</summary>
        <description lang="el">Το YouTube είναι μία από τις μεγαλύτερες ιστοσελίδες διαμοιρασμού βίντεο στον κόσμο.</description>
        <summary lang="no">Tillegg for YouTube</summary>
        <description lang="no">YouTube er en av verdens største nettsider for videodeling.</description>
        <disclaimer lang="en"></disclaimer>
		<language></language>
		<platform>all</platform>
		<license>GNU GENERAL PUBLIC LICENSE. Version 2, June 1991</license>
		<forum>http://forum.kodi.tv/showthread.php?tid=267160</forum>
		<website>http://www.youtube.com</website>
		<email>ytplugin at datanet dot ws</email>
		<source>https://github.com/Kolifanes/plugin.video.youtube</source>
	</extension>
</addon>

<addon id="repository.hsk.kodiaddons" name="[COLOR lime]HSK-DE REPOSITORY[/COLOR]" version="1.0.1" provider-name="[COLOR lime]HSK-DE[/COLOR]">
    <extension point="xbmc.addon.repository" name="HSK-DE DE REPOSITORY">
		<info compressed="false">http://hsk.goip.de/hsk-repo/de/addons.xml</info>
		<checksum>http://hsk.goip.de/hsk-repo/de/addons.xml.md5</checksum>
		<datadir zip="true">http://hsk.goip.de/hsk-repo/de/</datadir>
    </extension>
    <extension point="xbmc.addon.metadata">
        <summary>[COLOR lime]H.S.K-DE PRPO[/COLOR]</summary>
        <description>Facebook Gruppe :
Hardware - Software - Kodi - DE</description>
        <platform>all</platform>
    </extension>
</addon>

<addon id="repository.kodiman.public" name="[COLOR lime]KODIMANS PUBLIC REPOSITORY[/COLOR]" version="1.0.2" provider-name="[COLOR lime]KODIMAN | HSK-DE[/COLOR]">
    <extension point="xbmc.addon.repository" name="KODIMANS PUBLIC REPOSITORY">
		<info compressed="false">https://raw.githubusercontent.com/Kodiman1402/repository.kodiman.public-1.0.2/master/addons.xml</info>
		<checksum>https://raw.githubusercontent.com/Kodiman1402/repository.kodiman.public-1.0.2/master/addons.xml.md5</checksum>
		<datadir zip="true">https://raw.githubusercontent.com/Kodiman1402/repository.kodiman.public-1.0.2/master/</datadir>
    </extension>
    <extension point="xbmc.addon.metadata">
        <summary>[COLOR lime]KODIMANS PUBLIC REPOSITORY[/COLOR]</summary>
        <description>Forum :
https://www.kodiman.net/</description>
        <platform>all</platform>
    </extension>
</addon>

<addon id="script.cu.lrclyrics" name="CU LRC Lyrics" version="5.4.1" provider-name="Taxigps, ronie">
	<requires>
		<import addon="xbmc.python" version="2.25.0"/>
		<import addon="script.module.chardet" version="2.2.1"/>
		<import addon="script.module.beautifulsoup4" version="4.3.2"/>
	</requires>
	<extension point="xbmc.python.lyrics" library="default.py"/>
	<extension point="xbmc.service" library="default.py" start="login"/>
	<extension point="xbmc.addon.metadata">
		<summary lang="be">CU LRC Lyrics</summary>
		<summary lang="bg">CU LRC Лирики</summary>
		<summary lang="ca">CU LRC Lyrics</summary>
		<summary lang="da">CU LRC Lyrics</summary>
		<summary lang="de">CU LRC-Songtext</summary>
		<summary lang="el">Στίχοι CU LRC</summary>
		<summary lang="en">CU LRC Lyrics</summary>
		<summary lang="en_NZ">CU LRC Lyrics</summary>
		<summary lang="en_US">CU LRC Lyrics</summary>
		<summary lang="es">CU LRC Letras</summary>
		<summary lang="fr">CU LRC Lyrics</summary>
		<summary lang="fr_CA">Paroles CU LRC</summary>
		<summary lang="gl">Letras de CU LRC</summary>
		<summary lang="he">CU LRC Lyrics</summary>
		<summary lang="hr">CU LRC tekstovi pjesama</summary>
		<summary lang="hu">CU LRC Dalszöveg</summary>
		<summary lang="id">Lirik CU LRC</summary>
		<summary lang="it">CU LRC Lyrics</summary>
		<summary lang="ko">CU LRC Lyrics</summary>
		<summary lang="lt">CU LRC dainų žodžiai</summary>
		<summary lang="nl">CU LRC songteksten</summary>
		<summary lang="no">CU LRC sangtekster</summary>
		<summary lang="pl">CU LRC Lyrics</summary>
		<summary lang="pt">CU LRC Lyrics</summary>
		<summary lang="pt_BR">CU LRC Letras</summary>
		<summary lang="ro">Versuri CU LRC</summary>
		<summary lang="sk">CU LRC Lyrics</summary>
		<summary lang="sl">CU LRC Lyrics</summary>
		<summary lang="sv">CU LRC Lyrics</summary>
		<summary lang="zh_CN">CU LRC 歌词</summary>
		<summary lang="zh_TW">CU LRC Lyrics 歌詞腳本</summary>
		<description lang="be">CU LRC Lyrics is a lyrics script for Kodi. It supports regular as well as LRC Lyrics. The script can search synchronized/unsynchronized lyrics embedded, from file or by scrapers. It can read .lrc/.txt lyrics file saved at the same path by same file name with .mp3(or other type of music).</description>
		<description lang="bg">CU LRC Лирики е добавка за лирики. Поддържа обикновени текстови файлове и .lrc файлове. Може да търси за синхронизирани/несинхронизирани лирики вградени в аудиофайловете или да ги извлича от различни източници. Може да прочита .lrc и .txt файлове съхраняващи лирики, които се намират в папката на дадения аудио файл (с разширение .mp3 например) и носят неговото име.</description>
		<description lang="ca">CU LRC Lyrics es un script de lletres de cançons per a Kodi. Suporta lletres normal tan com LRC Lyrics. El script busca lletres sincronitzades o no, incrustades al fitxer d'àudio, des de un altre fitxer o per scrapers. Pot llegir fitxers .lrc/.txt guardats al mateix directori i nom de fitxer amb .mp3(o un altre tipus de música).</description>
		<description lang="da">CU LRC Lyrics er et script til sangtekster til Kodi. Det understøtter almindelige såvel som LRC sangtekster. Script'et kan søge i synkroniserede/usynkroniserede sangtekster som er inkodede i filer eller ved hjælp af scrapere. Det kan læse .lrc/.txt sangtekstfiler som er gemt i den samme mappe og med samme filnavn som mp3'en (eller andre typer af musikfiler).</description>
		<description lang="de">CU LRC-Songtext ist ein Songtextskript für Kodi, das sowohl normale als auch LRC-Songtexte unterstützt. Das Skript kann nach synchronisierten/unsynchronisierten eingebetteten Songtexten von Datei oder Scraper suchen. Es kann .lrc/.txt-Songtextdateien lesen, die im gleichen Pfad und mit dem gleichen Dateinamen mit .mp3 (oder eine anderen Musikart) gespeichert wurden.</description>
		<description lang="el">Οι Στίχοι CU LRC είναι ένα script στίχων για το Kodi. Υποστηρίζει συνηθισμένους στίχους καθώς και Στίχους LRC. Το script μπορεί να αναζητήσει συγχρονισμένους και μη στίχους, ενσωματωμένους, από αρχεία ή από scraper. Μπορεί να διαβάσει αρχεία στίχων τύπου .lrc/.txt που βρίσκονται στον ίδιο φάκελο και έχουν το ίδιο όνομα με το .mp3 (ή άλλης κατάληξης μουσική).</description>
		<description lang="en">CU LRC Lyrics is a lyrics script for Kodi. It supports regular as well as LRC Lyrics. The script can search synchronized/unsynchronized lyrics embedded, from file or by scrapers. It can read .lrc/.txt lyrics file saved at the same path by same file name with .mp3(or other type of music).</description>
		<description lang="en_NZ">CU LRC Lyrics is a lyrics script for Kodi. It supports regular as well as LRC Lyrics. The script can search synchronised/unsynchronised lyrics embedded, from file or by scrapers. It can read .lrc/.txt lyrics file saved at the same path by same file name with .mp3(or other type of music).</description>
		<description lang="en_US">CU LRC Lyrics is a lyrics script for Kodi. It supports regular as well as LRC Lyrics. The script can search synchronized/unsynchronized lyrics embedded, from file or by scrapers. It can read .lrc/.txt lyrics file saved at the same path by same file name with .mp3(or other type of music).</description>
		<description lang="es">Letras de CRI de CU es un script de letras para Kodi. El soporte es regular como el de Lyrics LRC. La secuencia de comandos puede buscar letras sincronizadas/de sincronizadas incrustadas, por archivo o por scrapers. Puede leer .lrc/.txt de archivo de letras guardado en la misma carpeta con el mismo nombre del archivo con. mp3 (u otro tipo de música).</description>
		<description lang="fr">CU LRC Lyrics est un script pour gérer les paroles dans Kodi. Il supporte les formats de paroles habituels aussi bien que LRC. Le script peut chercher des paroles synchronisées/désynchronisées intégrées dans les fichier ou par collecteurs. Il peut lire les fichiers paroles .lrc/.txt stockés dans le même dossier et avec le même nom que le fichier .mp3 (ou autre type de format musical).</description>
		<description lang="fr_CA">Paroles CU LRC est un script de paroles pour Kodi. Il prend en charge les paroles régulières et LRC. Le script peut rechercher des paroles synchronisées/désynchronisées intégrées, d'un fichier ou de récupérateurs. Il peut lire les fichiers de paroles .lrc/.txt enregistrés dans le même chemin et avec le me nom que le .mp3 (ou autres types de musique).</description>
		<description lang="gl">Letras CU LRC é un script de letras para Kodi. Soporta letras normais como as LRC. O script pode buscar letras sincronizadas/non sincronizadas incrustadas, ou buscar a partir dun ficheiro ou de scrapers. Pode ler letras de ficheiros .lrc/.txt gardados na mesma ruta do ficheiro .mp3 (ou outro tipo de música).</description>
		<description lang="he">CU LRC Lyrics הינו סקריפט מילות שירים עבור Kodi התומך בפורמט LRC והן בטקסט רגיל. הסקריפט מסוגל לחפש מילות שיר מסונכרות/לא מסונכרות המוטמעות בשיר, מקובץ מקומי או בעזרת סקרייפר. הסקריפט מסוגל לקרוא קובץ מילות שיר txt/lrc השמור באותו נתיב עם שם זהה לקובץ ה-mp3 (או סוג אחר של קובץ מוזיקה).</description>
		<description lang="hr">CU LRC tekstovi pjesama je skripta za Kodi. Podržavna redovne i LRC tekstove pjesama. Skripta može pretraživati usklađivati/uklanjati ugrađene tekstove pjesama, iz datoteke ili sakupljača. Može čitati .lrc/.txt datoteke tekstova pjesama spremljene u istu putanju s istim nazivom datoteke sa .mp3 (ili drugim vrstama glazbe).</description>
		<description lang="hu">A CU LRC Dalszöveg egy kiegészítő az Kodi-hez, ami támogatja  a hagyományos és az LRC dalszövegek keresését, megjelenítését. A dalszöveg lehet szinkronizált, vagy szinkronizálatlan, a zenefájlba beágyazott, vagy leolvasókkal letöltött, vagy akár származhat a zene könyvtárában található .lrc vagy .txt fájlokból is.</description>
		<description lang="id">Lirik CU LRC adalah script lirik untuk Kodi. Mendukung lirik regular maupun LRC. Script ini mampu mencari lirik dengan singkronisasi maupun tidak yang tercantum pada berkas atau melalui alat penyalin. Script dapat membaca berkas lirik .lrc/.txt yang disimpan di lokasi dan nama berkas yang sama dengan .mp3 (atau format musik lainnya).</description>
		<description lang="it">CU LRC Lyrics è uno script per i testi per Kodi. Supporta testi come LRC. Lo script può cercare testi incorporati sincronizzati e non, da file o tramite scapers. Legge file .lrc/.txt salvati nello stesso percorso e con lo stesso nome dell'.mp3 (o altri tipi di musica)</description>
		<description lang="ko">CU LRC Lyrics는 Kodi를 위한 가사 수집기입니다. 일반 가사와 LRC 가사를 지원하며, 내장 가동기/비동기 가사를 검색하거나 파일 내장 가사를 찾습니다. mp3(또는 다른 형식의 음악 파일)와 같은 경로에 저장되어 있는 .lrc/.txt 형식의 가사를 읽어옵니다.</description>
		<description lang="lt">CU LRC Lyrics yra dainų žodžių atsiuntimo skriptas, skirtas Kodi. Palaikomi tiek įprasti, tiek LRC dainų žodžiai. Skriptas gali ieškoti sinchronizuotų / nesinchronizuotų dainų žodžių, integruotų failuose arba naudojant skreperius. Jis gali nuskaityti .lrc/.txt dainų žodžių failus, išsaugotus toje pačioje vietoje ir tokiu pačiu pavadinimu kaip ir .mp3 failas (ar kitokio muzikinio failo tipo).</description>
		<description lang="nl">CU LRC Lyrics is een script voor songteksten in Kodi. Het ondersteunt zowel reguliere als LRC songteksten. Het script ondersteunt gesynchroniseerde of ongesynchroniseerde songteksten die ingebed zijn in een bestand, in een los bestand staan of van een scraper. Het kan .lrc/.txt songtekst-bestanden lezen die opgeslagen zijn op hetzelfde pad en dezelfde bestandsnaam hebben als de .mp3 (of ander type bestand).</description>
		<description lang="no">CU LRC Lyrics er et skript for å vise sangtekster i Kodi. Den støtter vanlige samt LRC sangtekster. Skriptet kan søke synkroniserte / usynkroniserte sangtekster innebygd, fra en fil eller via skrapere. Den kan lese .lrc / .txt filer som er lagret på den samme banen og med samme filnavn (.mp3 eller annen type musikk).</description>
		<description lang="pl">CU LRC Lyrics jest dodatkiem obsługującym teksty utworów dla Kodi. Obsługuje teksty utworów zarówno zwykłe jak i zsynchronizowane. Dodatek potrafi wyszukać teksty zapisane lokalnie, wbudowane w pliki utworów, a także pobierać je z Internetu. Potrafi wczytać teksty w formatach .lrc/.txt zapisane w tym samym folderze co pliku utworu .mp3 (lub innym wspierany formacie).</description>
		<description lang="pt">CU LRC Lyrics é um script de letras para o Kodi. Suporta letras normais e LRC. O script pode encontrar letras sincronizadas/dessincronizadas embutidas, ou procurar a partir de ficheiro ou de colectores. Pode ler letras de ficheiros .lrc/.txt guardados na mesma localização do ficheiro .mp3 (ou outro tipo de música).</description>
		<description lang="pt_BR">CU LRC Lyrics é script de letras de músicas para Kodi. Ele suporta regular bem como Letras LRC. O script pode procurar por letras embutidas sincronizadas/dessincronizadas, de arquivos ou usando scrapers. Ele pode ler arquivos de letras .lrc/txt salvos no mesmo caminho com o mesmo nome do arquivo .mp3 (ou outro formato de música).</description>
		<description lang="sk">CU LRC Lyrics je doplnok poskytujúci texty skladieb pre Kodi. Podporuje bežné ako aj LRC formáty. Doplnok môže vyhľadávať synchronizované/nesynchronizované Texty skladieb vložené, v samostatnom súbore alebo cez sťahovače. Dokáže čítať .lrc/.txt súbory v rovnakom priečinku a s rovnakým názvom ako .mp3 súbor (alebo iný hudobný súbor).</description>
		<description lang="sl">CU LRC Lyrics je skripta za besedila pesmi za Kodi. Podpira redne kot tudi LRC besedila pesmi. Skripta lahko išče sinhronizirana/nesinhronizirana besedila pesmi, vgrajena, iz datoteke ali od ponudnikov. Bere lahko .lrc/.txt formate zapisa datotek iz iste mape kot je istoimenska datoteka .mp3 (ali drigi format zapisa glasbe).</description>
		<description lang="sv">CU LRC Lyrics är ett skript för Kodi. Det stödjer såväl vanliga som LRC texter. Skriptet kan söka synkroniserade/osynkroniserade texter inbäddade från fil eller från skraport. Det kan läsa .lrc/.txt filer sparade med samma sökväg och filnamn som .mp3 (eller annan typ av musik).</description>
		<description lang="zh_CN">CU LRC Lyrics 是 Kodi 的歌词插件。它支持原 LRC Lyrics 歌词插件的功能。这个插件会搜索内嵌的、本地文件或通过刮削器获取同步/非同步歌词。它可以读取以相同文件名与歌曲文件保存在相同目录的 .lrc/.txt 歌词文件。</description>
		<description lang="zh_TW">CU LRC Lyrics 是為 Kodi 而設的歌詞腳本。它支援一般格式的歌詞以及 LRC 格式的歌詞。此腳本能夠搜尋歌曲檔案內嵌歌詞的同步及非同步歌詞，同時也能使用刮削器在線搜尋、本地文件或通过刮削器获取同步/非同步歌词。它可以讀取放在同一個資料夾內，而又與歌曲相同命名的 .lrc/.txt 歌詞檔。</description>
		<language></language>
		<platform>all</platform>
		<license>GNU GENERAL PUBLIC LICENSE Version 2</license>
		<forum>http://forum.kodi.tv/showthread.php?tid=147340</forum>
		<website></website>
		<email></email>
		<source>https://github.com/ronie/script.cu.lrclyrics/</source>
	</extension>
</addon>

<addon id="script.hsk.debug.log" name="[COLOR lime][B]HSK Log Uploader[/B][/COLOR]" version="1.0.0" provider-name="[COLOR green]Painkiller[/COLOR]">
    <requires>
        <import addon="xbmc.python" version="2.20.0"/>
    </requires>
    <extension point="xbmc.python.script" library="default.py">
        <provides>executable</provides>
    </extension>
    <extension point="xbmc.addon.metadata">
        <summary>[COLOR green]HSK LOG UPLOADER by Painkiller[/COLOR]</summary>
        <description>[COLOR blue]Hardware - Software - Kodi - DE :
            https://www.facebook.com/groups/hskde/[/COLOR]</description>
        <language></language>
        <platform>all</platform>
    </extension>
</addon>

<addon id="script.module.urlresolver" name="URLResolver" version="3.0.32" provider-name="tvaddons.ag, Eldorado">
	<requires>
		<import addon="xbmc.python" version="2.1.0" />
		<import addon="plugin.video.youtube" optional="true" />
		<import addon="script.module.python.twitch" optional="true" />
		<import addon="script.module.cryptopy" version="1.2.6" optional="true" />
	</requires>
	<extension point="xbmc.python.module" library="lib" />
	<extension point="xbmc.python.pluginsource" library="lib/default.py" />
	<extension point="xbmc.addon.metadata">
		<platform>all</platform>
		<summary lang="en">Resolve common video host URL's to be playable in XBMC/Kodi.</summary>
		<description lang="en">Resolve common video host URL's to be playable in XBMC/Kodi, simplify addon development of video plugins requiring multi video hosts.</description>
	</extension>
</addon>

<addon id="script.speedtestnet"
       name="ARNU Box Speed Tester"
       version="1.0.0"
       provider-name="ARNU Box / Josh.5">
  <requires>
    <import addon="xbmc.python" version="2.1.0"/>
  </requires>
  <extension point="xbmc.python.script"
             library="default.py">
        <provides>executable</provides>
  </extension>
  <extension point="xbmc.addon.metadata">
    <summary lang="en">ARNU Box Speed Tester</summary>
    <description lang="en">ARNU Box Speed Tester powered by speedtest.net will give you accurate Internet speed/ping test results. \n Brought to you by http://www.arnubox.com</description>
    <platform>all</platform>
  </extension>
</addon>
</addons>
