<?xml version="1.0" encoding="UTF-8" standalone="yes"?>
<addon id="repository.skinbase17" name="[COLOR orange]GUIDOS[/COLOR] [COLOR lime]SKINBASE[/COLOR] [COLOR orange]17[/COLOR]" version="2.0.0" provider-name="[COLOR lime]GUIDO | KODIMAN | HSK-DE[/COLOR]">
    <extension point="xbmc.addon.repository" name="[COLOR cyan]GUIDOS SKINBASE 17 REPOSITORY[/COLOR]">
		<info compressed="false">https://raw.githubusercontent.com/kaffepausse71/skinbase17/master/addons.xml</info>
		<checksum>https://raw.githubusercontent.com/kaffepausse71/skinbase17/master/addons.xml.md5</checksum>
		<datadir zip="true">https://raw.githubusercontent.com/kaffepausse71/skinbase17/master/</datadir>
    </extension>
    <extension point="xbmc.addon.metadata">
        <summary>[COLOR lime]Guidos[/COLOR] [COLOR orange]Skinbase[/COLOR] [COLOR lime]17[/COLOR] [COLOR orange]REPOSITORY[/COLOR]</summary>
        <description>
[COLOR cyan]Infos unter
https://www.facebook.com/groups/hskde/
https://forum.kodiman.eu/forum/index.php[/COLOR]
		</description>
        <platform>all</platform>
    </extension>
</addon>