<?xml version="1.0" encoding="UTF-8" standalone="yes"?>
<addon id="plugin.video.idomix" name="[COLOR white]iDomiX[/COLOR] [COLOR red]Technik | Tutorials[/COLOR]" version="1.0.0" provider-name="Kodiman | HSK-DE">
  <requires>
    <import addon="xbmc.python" version="2.1.0" />
	<import addon="script.module.beautifulsoup4" version="4.4.1.1"/>
	<import addon="plugin.video.youtube" version="5.3.7"/>
  </requires>
	<extension point="xbmc.python.pluginsource" library="default.py">
		<provides>video</provides>
	</extension>
  <extension point="xbmc.addon.metadata">
    <platform>all</platform>
    <summary>powered by Kodiman</summary>
    <description>YouTube: https://www.youtube.com/user/iDomiX/undefined
Webseite: https://idomix.de/
    </description>
  </extension>
</addon>
