<?xml version="1.0" encoding="UTF-8" standalone="yes"?>
<addon id="plugin.video.heidis_playlist" name="[COLOR white]Heidis[/COLOR] [COLOR blue]Playlist[/COLOR] [COLOR white]Chanel[/COLOR]" version="1.1.8" provider-name="Kodiman | HSK-DE">
  <requires>
    <import addon="xbmc.python" version="2.1.0" />
	<import addon="script.module.beautifulsoup4" version="4.4.1.1"/>
	<import addon="plugin.video.youtube" version="5.3.7"/>
  </requires>
	<extension point="xbmc.python.pluginsource" library="default.py">
		<provides>video</provides>
	</extension>
  <extension point="xbmc.addon.metadata">
    <platform>all</platform>
    <summary>powered by HSK</summary>
    <description>https://www.kodiman.net/ :
https://forum.kodiman.eu/forum/
    </description>
  </extension>
</addon>
