<?xml version="1.0" encoding="UTF-8" standalone="yes"?>
<addon id="plugin.program.hsk_fresh_start"
    name="[COLOR lime]HSK FRESH START[/COLOR]"
	version="1.0.1" 
    provider-name="Loki1979">
    <requires>
		<import addon="xbmc.python" version="2.1.0"/>
	</requires>
	<extension point="xbmc.python.pluginsource" library="fresh_start.py">
		<provides>executable</provides>
	</extension>
	<extension point="xbmc.addon.metadata">
	<summary>HSK FRESH START</summary>
    <description>Hardware - Software - Kodi - DE :
https://www.facebook.com/groups/hskde/</description>
    <platform>all</platform>
	</extension>
</addon>
