<?xml version="1.0" encoding="UTF-8" standalone="yes"?>
<addon id="plugin.audio.rocknroll" name="[COLOR blue]Rockn Roll Station[/COLOR]" version="1.0.2" provider-name="[COLOR blue]Ungatonga - Loki (HSK - KUS)[/COLOR]">
  <requires>
    <import addon="xbmc.python" version="2.1.0" />
  </requires>
  <extension point="xbmc.python.pluginsource"
            library="addon.py">
        <provides>audio</provides>
  </extension>
  <extension point="xbmc.addon.metadata">
    <platform>all</platform>
    <summary>Test Addon</summary>
    <description>[COLOR blue]Die besten Rock n Roll Sender aus aller Welt! Special Thanks to D.J Steiger and his group: https://www.facebook.com/BigDaddyORadio[/COLOR]</description>
	<forum>http://www.ungatonga.de/forum</forum>
	<website>https://www.facebook.com/groups/716337198478240/</website>
  </extension>
</addon>
