<?xml version="1.0" encoding="UTF-8" standalone="yes"?>
<addon id="plugin.video.shortfilms" name="Shortfilms" version="1.0.4" provider-name="Kodiman/HSK">
  <requires>
    <import addon="xbmc.python" version="2.1.0" />
	<import addon="plugin.video.youtube" version="5.1.20.6"/>
  </requires>
  <extension point="xbmc.python.pluginsource"
            library="addon.py">
        <provides>video</provides>
  </extension>
  <extension point="xbmc.addon.metadata">
    <platform>all</platform>
    <summary>Kurzfime</summary>
    <description>Dank an Loki1979 und Rudolf Reiter</description>
  </extension>
</addon>
